Position,Residue,Score,Assignment
647,M,0.463,.
648,I,0.451,.
649,A,0.467,.
650,L,0.465,.
651,D,0.47,.
652,I,0.503,E
653,D,0.509,E
654,P,0.512,E
655,L,0.529,E
656,E,0.516,E
657,N,0.536,E
658,T,0.533,E
659,D,0.517,E
660,F,0.524,E
661,R,0.497,.
662,V,0.499,.
663,L,0.493,.
664,E,0.487,.
665,L,0.509,E
666,Y,0.514,E
667,S,0.521,E
668,Q,0.553,E
669,K,0.553,E
670,E,0.572,E
671,L,0.585,E
672,R,0.594,E
673,S,0.598,E
674,S,0.601,E
675,N,0.592,E
676,V,0.596,E
677,F,0.587,E
678,D,0.566,E
679,L,0.554,E
680,E,0.541,E
681,E,0.535,E
682,I,0.512,E
683,M,0.501,E
684,R,0.499,.
685,E,0.497,.
686,F,0.49,.
687,N,0.511,E
688,S,0.519,E
689,Y,0.502,E
690,K,0.516,E
691,Q,0.534,E
692,R,0.511,E
693,V,0.512,E
694,K,0.513,E
695,Y,0.519,E
696,V,0.501,E